<?xml version="1.0" encoding="UTF-8"?>
<project-private xmlns="http://www.netbeans.org/ns/project-private/1">
    <editor-bookmarks xmlns="http://www.netbeans.org/ns/editor-bookmarks/2" lastBookmarkId="0"/>
    <open-files xmlns="http://www.netbeans.org/ns/projectui-open-files/2">
        <group>
            <file>file:/C:/Users/raula/Desktop/LABS_DIGITAL_2/Slave_2.X/ADC.c</file>
            <file>file:/C:/Users/raula/Desktop/LABS_DIGITAL_2/Slave_2.X/SPI2.h</file>
            <file>file:/C:/Users/raula/Desktop/LABS_DIGITAL_2/Slave_2.X/Libreria.h</file>
            <file>file:/C:/Users/raula/Desktop/LABS_DIGITAL_2/Slave_2.X/SPI2.c</file>
        </group>
    </open-files>
</project-private>
