<?xml version="1.0" encoding="UTF-8"?>
<project-private xmlns="http://www.netbeans.org/ns/project-private/1">
    <editor-bookmarks xmlns="http://www.netbeans.org/ns/editor-bookmarks/2" lastBookmarkId="0"/>
    <open-files xmlns="http://www.netbeans.org/ns/projectui-open-files/2">
        <group>
            <file>file:/C:/Users/raula/Desktop/LABS_DIGITAL_2/Mini_Proyect_2.X/LM75_SensorTemo.c</file>
            <file>file:/C:/Users/raula/Desktop/LABS_DIGITAL_2/Mini_Proyect_2.X/OSC.c</file>
            <file>file:/C:/Users/raula/Desktop/LABS_DIGITAL_2/Mini_Proyect_2.X/I2C.h</file>
            <file>file:/C:/Users/raula/Desktop/LABS_DIGITAL_2/Mini_Proyect_2.X/USART.c</file>
            <file>file:/C:/Users/raula/Desktop/LABS_DIGITAL_2/Mini_Proyect_2.X/I2C.c</file>
            <file>file:/C:/Users/raula/Desktop/LABS_DIGITAL_2/Mini_Proyect_2.X/I2C_USART.h</file>
            <file>file:/C:/Users/raula/Desktop/LABS_DIGITAL_2/Mini_Proyect_2.X/OSC.h</file>
        </group>
    </open-files>
</project-private>
